timestamp,source_file,target_file,invoice_no,supplier,date,method
2025-09-19T10:22:42,0005 8294 37_Unknown_Unknown.pdf,2018-10-20_Eberhard Conz_Re-aufgelisieien.pdf,aufgelisieien,Eberhard Conz,2018-10-20,dry
2025-09-19T10:22:44,02.07.2018_Unknown_Unknown.pdf,2025-09-19_unbekannt_Re-unknown.pdf,,Ochsenburgerstr. 4 Mail: bestellung@ct-bauprofi.com,2018-07-02,dry
2025-09-19T10:22:46,06.08.2018_Unknown_Unknown.pdf,2025-09-19_unbekannt_Re-unknown.pdf,Buchungszeichen,,2018-08-06,dry
2025-09-19T10:22:46,07.11.2018_Unknown_Unknown.pdf,2018-11-07_12a marketing  logistik GmbH_Re-Ihre.pdf,Ihre,12a marketing + logistik GmbH,2018-11-07,dry
2025-09-19T10:22:46,07.11.2018_Unknown_Unknown_1.pdf,2018-11-07_DIE GARAGE_Re-E-Mail.pdf,E-Mail,DIE GARAGE,2018-11-07,dry
2025-09-19T10:22:48,10.07.2018_Unknown_Unknown.pdf,2025-09-19_unbekannt_Re-unknown.pdf,Buchungszeichen,,2018-07-10,dry
2025-09-19T10:22:50,18.12.2017_Unknown_Unknown.pdf,2025-09-19_unbekannt_Re-unknown.pdf,,F iermit erteile ich nachfolgend aufgeführten Auftrag,2017-12-18,dry
2025-09-19T10:22:52,24.10.2018_Unknown_Unknown.pdf,2025-09-19_unbekannt_Re-unknown.pdf,,Betrag:,2018-10-24,dry
2025-09-19T10:22:53,30.11.2017_Unknown_Unknown.pdf,2017-11-30_o Betrag EUR 761 2061_Re-siehe.pdf,siehe,"ö Betrag: EUR 76.1 20,61",2017-11-30,dry
2025-09-19T10:22:55,Unknown_Unknown_Unknown.pdf,2025-09-19_unbekannt_Re-unknown.pdf,,10.000 EUR betragen.,,dry
2025-09-19T10:22:57,Unknown_Unknown_Unknown_1.pdf,2025-09-19_unbekannt_Re-unknown.pdf,,J. Hä'g {Bau-Center GmbH,,dry
2025-09-19T10:22:59,Unknown_Unknown_Unknown_2.pdf,2025-09-19_unbekannt_Re-unknown.pdf,,per Post oder Mail (frank.braun@glatthaar.com und s.zippel@die3architekten.de),,dry
2025-09-19T10:23:01,Unknown_Unknown_Unknown_3.pdf,2025-09-19_unbekannt_Re-unknown.pdf,sanschrift,,,dry
2025-09-19T10:23:03,Unknown_Unknown_Unknown_4.pdf,2025-09-19_unbekannt_Re-unknown.pdf,,Firma/Antragsteller Ort Datum,,dry
2025-09-19T10:23:06,Unknown_Unknown_Unknown_5.pdf,2025-09-19_unbekannt_Re-unknown.pdf,,10.000 EUR betragen.,,dry
2025-09-19T10:23:08,Unknown_Unknown_Unknown_6.pdf,2025-09-19_unbekannt_Re-unknown.pdf,,BITTE FÜLLEN SIE DEN ANTRAG GUT LESERLICH IN DRUCKSCHRIFT AUS,,dry
2025-09-19T10:23:10,Unknown_Unknown_Unknown_7.pdf,2025-09-19_unbekannt_Re-unknown.pdf,,BITTE FÜLLEN SIE DEN ANTRAG GUT LESERLICH IN DRUCKSCHRIFT AUS,,dry
2025-09-19T10:23:12,Unknown_Unknown_Unknown_8.pdf,2025-09-19_unbekannt_Re-unknown.pdf,,DIE GARAGE,,dry
2025-09-19T10:23:56,0005 8294 37_Unknown_Unknown.pdf,2018-10-20_Eberhard Conz_Re-aufgelisieien.pdf,aufgelisieien,Eberhard Conz,2018-10-20,dry
2025-09-19T10:23:56,02.07.2018_Unknown_Unknown.pdf,2025-09-19_unbekannt_Re-unknown.pdf,,Ochsenburgerstr. 4 Mail: bestellung@ct-bauprofi.com,2018-07-02,dry
2025-09-19T10:23:56,06.08.2018_Unknown_Unknown.pdf,2025-09-19_unbekannt_Re-unknown.pdf,Buchungszeichen,,2018-08-06,dry
2025-09-19T10:23:56,07.11.2018_Unknown_Unknown.pdf,2018-11-07_12a marketing  logistik GmbH_Re-Ihre.pdf,Ihre,12a marketing + logistik GmbH,2018-11-07,dry
2025-09-19T10:23:56,07.11.2018_Unknown_Unknown_1.pdf,2018-11-07_DIE GARAGE_Re-E-Mail.pdf,E-Mail,DIE GARAGE,2018-11-07,dry
2025-09-19T10:23:56,10.07.2018_Unknown_Unknown.pdf,2025-09-19_unbekannt_Re-unknown.pdf,Buchungszeichen,,2018-07-10,dry
2025-09-19T10:23:56,18.12.2017_Unknown_Unknown.pdf,2025-09-19_unbekannt_Re-unknown.pdf,,F iermit erteile ich nachfolgend aufgeführten Auftrag,2017-12-18,dry
2025-09-19T10:23:56,24.10.2018_Unknown_Unknown.pdf,2025-09-19_unbekannt_Re-unknown.pdf,,Betrag:,2018-10-24,dry
2025-09-19T10:23:57,30.11.2017_Unknown_Unknown.pdf,2017-11-30_o Betrag EUR 761 2061_Re-siehe.pdf,siehe,"ö Betrag: EUR 76.1 20,61",2017-11-30,dry
2025-09-19T10:23:57,Unknown_Unknown_Unknown.pdf,2025-09-19_unbekannt_Re-unknown.pdf,,10.000 EUR betragen.,,dry
2025-09-19T10:23:57,Unknown_Unknown_Unknown_1.pdf,2025-09-19_unbekannt_Re-unknown.pdf,,J. Hä'g {Bau-Center GmbH,,dry
2025-09-19T10:23:57,Unknown_Unknown_Unknown_2.pdf,2025-09-19_unbekannt_Re-unknown.pdf,,per Post oder Mail (frank.braun@glatthaar.com und s.zippel@die3architekten.de),,dry
2025-09-19T10:23:57,Unknown_Unknown_Unknown_3.pdf,2025-09-19_unbekannt_Re-unknown.pdf,sanschrift,,,dry
2025-09-19T10:23:57,Unknown_Unknown_Unknown_4.pdf,2025-09-19_unbekannt_Re-unknown.pdf,,Firma/Antragsteller Ort Datum,,dry
2025-09-19T10:23:57,Unknown_Unknown_Unknown_5.pdf,2025-09-19_unbekannt_Re-unknown.pdf,,10.000 EUR betragen.,,dry
2025-09-19T10:23:57,Unknown_Unknown_Unknown_6.pdf,2025-09-19_unbekannt_Re-unknown.pdf,,BITTE FÜLLEN SIE DEN ANTRAG GUT LESERLICH IN DRUCKSCHRIFT AUS,,dry
2025-09-19T10:23:57,Unknown_Unknown_Unknown_7.pdf,2025-09-19_unbekannt_Re-unknown.pdf,,BITTE FÜLLEN SIE DEN ANTRAG GUT LESERLICH IN DRUCKSCHRIFT AUS,,dry
2025-09-19T10:23:57,Unknown_Unknown_Unknown_8.pdf,2025-09-19_unbekannt_Re-unknown.pdf,,DIE GARAGE,,dry
G:/Test/in\0005 8294 37_Unknown_Unknown.pdf,G:/Test/out\unbekannt\0000-00-00_unknown_Re-0000-00-00.pdf,,,,text,792d8aa7aff75afc9cfb4959c46c9486,0.1,fail,,,,EUR
G:/Test/in\02.07.2018_Unknown_Unknown.pdf,G:/Test/out\unbekannt\2018-07-02_unknown_Re-2018-07-02.pdf,,,2018-07-02,text,de8d1ebf64d9b7073c46e12f3a06a325,0.1,fail,,,,EUR
G:/Test/in\06.08.2018_Unknown_Unknown.pdf,G:/Test/out\unbekannt\2018-08-06_unknown_Re-2018-08-06.pdf,,,2018-08-06,text,a4624db589b3aacb7bfc083648a6283c,0.1,fail,,,,EUR
G:/Test/in\07.11.2018_Unknown_Unknown.pdf,G:/Test/out\unbekannt\2018-11-07_unknown_Re-2018-11-07.pdf,,,2018-11-07,text,9c42337282c88f24b0e2cea56eeef33c,0.2,fail,15.0,15.0,277113149.0,EUR
G:/Test/in\07.11.2018_Unknown_Unknown_1.pdf,G:/Test/out\unbekannt\2018-11-07_unknown_Re-2018-11-07.pdf,,,2018-11-07,text,8cb01f29a5a2bb32d61f9cb351521917,0.2,fail,38.0,19.0,19.0,EUR
G:/Test/in\10.07.2018_Unknown_Unknown.pdf,G:/Test/out\unbekannt\2018-07-10_unknown_Re-2018-07-10.pdf,,,2018-07-10,text,8af100bea574878f1d1499a433e08568,0.1,fail,,,,EUR
G:/Test/in\18.12.2017_Unknown_Unknown.pdf,G:/Test/out\unbekannt\2017-12-18_unknown_Re-2017-12-18.pdf,,,2017-12-18,text,cfc631fbd59b383d65c4c1200242d925,0.1,fail,,,,EUR
G:/Test/in\24.10.2018_Unknown_Unknown.pdf,G:/Test/out\unbekannt\2018-10-24_unknown_Re-2018-10-24.pdf,,,2018-10-24,text,5d2facfd842f4df875fc24c47e79cfa1,0.1,fail,,,,EUR
G:/Test/in\30.11.2017_Unknown_Unknown.pdf,G:/Test/out\unbekannt\2017-11-30_unknown_Re-2017-11-30.pdf,,,2017-11-30,text,e2777c3ec0ae65afeaa0dddb4874b2b9,0.2,fail,16120.61,,,EUR
G:/Test/in\Unknown_Unknown_Unknown.pdf,G:/Test/out\unbekannt\0000-00-00_unknown_Re-0000-00-00.pdf,,,,text,5bdd781857c472f0431e114d7d21c01c,0.1,fail,,,,EUR
G:/Test/in\Unknown_Unknown_Unknown_1.pdf,G:/Test/out\unbekannt\0000-00-00_unknown_Re-0000-00-00.pdf,,,,text,2ad6e2e927c41a24c449aad9452f00ed,0.2,fail,19.0,19.0,205879802.0,EUR
G:/Test/in\Unknown_Unknown_Unknown_2.pdf,G:/Test/out\unbekannt\0000-00-00_unknown_Re-0000-00-00.pdf,,,,text,707f8f0cd3cc6a4fcd1eeaf2a009493d,0.1,fail,,,,
G:/Test/in\Unknown_Unknown_Unknown_3.pdf,G:/Test/out\unbekannt\0000-00-00_unknown_Re-0000-00-00.pdf,,,,text,50c80d9b3f8753ddc1270eb17aebf765,0.1,fail,,,,EUR
G:/Test/in\Unknown_Unknown_Unknown_4.pdf,G:/Test/out\unbekannt\0000-00-00_unknown_Re-0000-00-00.pdf,,,,text,7ff459e7a07c0c16810d5467c7a41c10,0.1,fail,,,,EUR
G:/Test/in\Unknown_Unknown_Unknown_5.pdf,G:/Test/out\unbekannt\0000-00-00_unknown_Re-0000-00-00.pdf,,,,text,59dfd56f640e05bd64104605d5244c10,0.1,fail,,,,EUR
G:/Test/in\Unknown_Unknown_Unknown_6.pdf,G:/Test/out\unbekannt\0000-00-00_unknown_Re-0000-00-00.pdf,,,,text,87de9b4a7a9e7e9bc4bd343b629881a6,0.1,fail,,,,EUR
G:/Test/in\Unknown_Unknown_Unknown_7.pdf,G:/Test/out\unbekannt\0000-00-00_unknown_Re-0000-00-00.pdf,,,,text,79c90589f2eb5781adca0f4039c64b02,0.1,fail,,,,USD
G:/Test/in\Unknown_Unknown_Unknown_8.pdf,G:/Test/out\unbekannt\0000-00-00_unknown_Re-0000-00-00.pdf,,,,text,7278631ff39de1d47a383e8c455033e7,0.1,fail,,,,
G:/Test/in\0005 8294 37_Unknown_Unknown.pdf,G:/Test/out\unbekannt\0000-00-00_unknown_Re-0000-00-00.pdf,,,,text,792d8aa7aff75afc9cfb4959c46c9486,0.1,fail,,,,EUR
G:/Test/in\02.07.2018_Unknown_Unknown.pdf,G:/Test/out\unbekannt\2018-07-02_unknown_Re-2018-07-02.pdf,,,2018-07-02,text,de8d1ebf64d9b7073c46e12f3a06a325,0.1,fail,,,,EUR
G:/Test/in\06.08.2018_Unknown_Unknown.pdf,G:/Test/out\unbekannt\2018-08-06_unknown_Re-2018-08-06.pdf,,,2018-08-06,text,a4624db589b3aacb7bfc083648a6283c,0.1,fail,,,,EUR
G:/Test/in\07.11.2018_Unknown_Unknown.pdf,G:/Test/out\unbekannt\2018-11-07_unknown_Re-2018-11-07.pdf,,,2018-11-07,text,9c42337282c88f24b0e2cea56eeef33c,0.2,fail,15.0,15.0,277113149.0,EUR
G:/Test/in\07.11.2018_Unknown_Unknown_1.pdf,G:/Test/out\unbekannt\2018-11-07_unknown_Re-2018-11-07.pdf,,,2018-11-07,text,8cb01f29a5a2bb32d61f9cb351521917,0.2,fail,38.0,19.0,19.0,EUR
G:/Test/in\10.07.2018_Unknown_Unknown.pdf,G:/Test/out\unbekannt\2018-07-10_unknown_Re-2018-07-10.pdf,,,2018-07-10,text,8af100bea574878f1d1499a433e08568,0.1,fail,,,,EUR
G:/Test/in\18.12.2017_Unknown_Unknown.pdf,G:/Test/out\unbekannt\2017-12-18_unknown_Re-2017-12-18.pdf,,,2017-12-18,text,cfc631fbd59b383d65c4c1200242d925,0.1,fail,,,,EUR
G:/Test/in\24.10.2018_Unknown_Unknown.pdf,G:/Test/out\unbekannt\2018-10-24_unknown_Re-2018-10-24.pdf,,,2018-10-24,text,5d2facfd842f4df875fc24c47e79cfa1,0.1,fail,,,,EUR
G:/Test/in\30.11.2017_Unknown_Unknown.pdf,G:/Test/out\unbekannt\2017-11-30_unknown_Re-2017-11-30.pdf,,,2017-11-30,text,e2777c3ec0ae65afeaa0dddb4874b2b9,0.2,fail,16120.61,,,EUR
G:/Test/in\Unknown_Unknown_Unknown.pdf,G:/Test/out\unbekannt\0000-00-00_unknown_Re-0000-00-00.pdf,,,,text,5bdd781857c472f0431e114d7d21c01c,0.1,fail,,,,EUR
G:/Test/in\Unknown_Unknown_Unknown_1.pdf,G:/Test/out\unbekannt\0000-00-00_unknown_Re-0000-00-00.pdf,,,,text,2ad6e2e927c41a24c449aad9452f00ed,0.2,fail,19.0,19.0,205879802.0,EUR
G:/Test/in\Unknown_Unknown_Unknown_2.pdf,G:/Test/out\unbekannt\0000-00-00_unknown_Re-0000-00-00.pdf,,,,text,707f8f0cd3cc6a4fcd1eeaf2a009493d,0.1,fail,,,,
G:/Test/in\Unknown_Unknown_Unknown_3.pdf,G:/Test/out\unbekannt\0000-00-00_unknown_Re-0000-00-00.pdf,,,,text,50c80d9b3f8753ddc1270eb17aebf765,0.1,fail,,,,EUR
G:/Test/in\Unknown_Unknown_Unknown_4.pdf,G:/Test/out\unbekannt\0000-00-00_unknown_Re-0000-00-00.pdf,,,,text,7ff459e7a07c0c16810d5467c7a41c10,0.1,fail,,,,EUR
G:/Test/in\Unknown_Unknown_Unknown_5.pdf,G:/Test/out\unbekannt\0000-00-00_unknown_Re-0000-00-00.pdf,,,,text,59dfd56f640e05bd64104605d5244c10,0.1,fail,,,,EUR
G:/Test/in\Unknown_Unknown_Unknown_6.pdf,G:/Test/out\unbekannt\0000-00-00_unknown_Re-0000-00-00.pdf,,,,text,87de9b4a7a9e7e9bc4bd343b629881a6,0.1,fail,,,,EUR
G:/Test/in\Unknown_Unknown_Unknown_7.pdf,G:/Test/out\unbekannt\0000-00-00_unknown_Re-0000-00-00.pdf,,,,text,79c90589f2eb5781adca0f4039c64b02,0.1,fail,,,,USD
G:/Test/in\Unknown_Unknown_Unknown_8.pdf,G:/Test/out\unbekannt\0000-00-00_unknown_Re-0000-00-00.pdf,,,,text,7278631ff39de1d47a383e8c455033e7,0.1,fail,,,,
G:/Test/in\0005 8294 37_Unknown_Unknown.pdf,,,,,text,792d8aa7aff75afc9cfb4959c46c9486,0.1,fail,,,,EUR
G:/Test/in\02.07.2018_Unknown_Unknown.pdf,,,,2018-07-02,text,de8d1ebf64d9b7073c46e12f3a06a325,0.1,fail,,,,EUR
G:/Test/in\06.08.2018_Unknown_Unknown.pdf,,,,2018-08-06,text,a4624db589b3aacb7bfc083648a6283c,0.1,fail,,,,EUR
G:/Test/in\07.11.2018_Unknown_Unknown.pdf,,,,2018-11-07,text,9c42337282c88f24b0e2cea56eeef33c,0.2,fail,15.0,15.0,277113149.0,EUR
G:/Test/in\07.11.2018_Unknown_Unknown_1.pdf,,,,2018-11-07,text,8cb01f29a5a2bb32d61f9cb351521917,0.2,fail,38.0,19.0,19.0,EUR
G:/Test/in\10.07.2018_Unknown_Unknown.pdf,,,,2018-07-10,text,8af100bea574878f1d1499a433e08568,0.1,fail,,,,EUR
G:/Test/in\18.12.2017_Unknown_Unknown.pdf,,,,2017-12-18,text,cfc631fbd59b383d65c4c1200242d925,0.1,fail,,,,EUR
G:/Test/in\24.10.2018_Unknown_Unknown.pdf,,,,2018-10-24,text,5d2facfd842f4df875fc24c47e79cfa1,0.1,fail,,,,EUR
G:/Test/in\30.11.2017_Unknown_Unknown.pdf,,,,2017-11-30,text,e2777c3ec0ae65afeaa0dddb4874b2b9,0.2,fail,16120.61,,,EUR
G:/Test/in\Unknown_Unknown_Unknown.pdf,,,,,text,5bdd781857c472f0431e114d7d21c01c,0.1,fail,,,,EUR
G:/Test/in\Unknown_Unknown_Unknown_1.pdf,,,,,text,2ad6e2e927c41a24c449aad9452f00ed,0.2,fail,19.0,19.0,205879802.0,EUR
G:/Test/in\Unknown_Unknown_Unknown_2.pdf,,,,,text,707f8f0cd3cc6a4fcd1eeaf2a009493d,0.1,fail,,,,
G:/Test/in\Unknown_Unknown_Unknown_3.pdf,,,,,text,50c80d9b3f8753ddc1270eb17aebf765,0.1,fail,,,,EUR
G:/Test/in\Unknown_Unknown_Unknown_4.pdf,,,,,text,7ff459e7a07c0c16810d5467c7a41c10,0.1,fail,,,,EUR
G:/Test/in\Unknown_Unknown_Unknown_5.pdf,,,,,text,59dfd56f640e05bd64104605d5244c10,0.1,fail,,,,EUR
G:/Test/in\Unknown_Unknown_Unknown_6.pdf,,,,,text,87de9b4a7a9e7e9bc4bd343b629881a6,0.1,fail,,,,EUR
G:/Test/in\Unknown_Unknown_Unknown_7.pdf,,,,,text,79c90589f2eb5781adca0f4039c64b02,0.1,fail,,,,USD
G:/Test/in\Unknown_Unknown_Unknown_8.pdf,,,,,text,7278631ff39de1d47a383e8c455033e7,0.1,fail,,,,
G:/Test/in\0005 8294 37_Unknown_Unknown.pdf,,,,,text,792d8aa7aff75afc9cfb4959c46c9486,0.1,fail,,,,EUR
G:/Test/in\02.07.2018_Unknown_Unknown.pdf,,,,2018-07-02,text,de8d1ebf64d9b7073c46e12f3a06a325,0.1,fail,,,,EUR
G:/Test/in\06.08.2018_Unknown_Unknown.pdf,,,,2018-08-06,text,a4624db589b3aacb7bfc083648a6283c,0.1,fail,,,,EUR
G:/Test/in\07.11.2018_Unknown_Unknown.pdf,,,,2018-11-07,text,9c42337282c88f24b0e2cea56eeef33c,0.2,fail,15.0,15.0,277113149.0,EUR
G:/Test/in\07.11.2018_Unknown_Unknown_1.pdf,,,,2018-11-07,text,8cb01f29a5a2bb32d61f9cb351521917,0.2,fail,38.0,19.0,19.0,EUR
G:/Test/in\10.07.2018_Unknown_Unknown.pdf,,,,2018-07-10,text,8af100bea574878f1d1499a433e08568,0.1,fail,,,,EUR
G:/Test/in\18.12.2017_Unknown_Unknown.pdf,,,,2017-12-18,text,cfc631fbd59b383d65c4c1200242d925,0.1,fail,,,,EUR
G:/Test/in\24.10.2018_Unknown_Unknown.pdf,,,,2018-10-24,text,5d2facfd842f4df875fc24c47e79cfa1,0.1,fail,,,,EUR
G:/Test/in\30.11.2017_Unknown_Unknown.pdf,,,,2017-11-30,text,e2777c3ec0ae65afeaa0dddb4874b2b9,0.2,fail,16120.61,,,EUR
G:/Test/in\Unknown_Unknown_Unknown.pdf,,,,,text,5bdd781857c472f0431e114d7d21c01c,0.1,fail,,,,EUR
G:/Test/in\Unknown_Unknown_Unknown_1.pdf,,,,,text,2ad6e2e927c41a24c449aad9452f00ed,0.2,fail,19.0,19.0,205879802.0,EUR
G:/Test/in\Unknown_Unknown_Unknown_2.pdf,,,,,text,707f8f0cd3cc6a4fcd1eeaf2a009493d,0.1,fail,,,,
G:/Test/in\Unknown_Unknown_Unknown_3.pdf,,,,,text,50c80d9b3f8753ddc1270eb17aebf765,0.1,fail,,,,EUR
G:/Test/in\Unknown_Unknown_Unknown_4.pdf,,,,,text,7ff459e7a07c0c16810d5467c7a41c10,0.1,fail,,,,EUR
G:/Test/in\Unknown_Unknown_Unknown_5.pdf,,,,,text,59dfd56f640e05bd64104605d5244c10,0.1,fail,,,,EUR
G:/Test/in\Unknown_Unknown_Unknown_6.pdf,,,,,text,87de9b4a7a9e7e9bc4bd343b629881a6,0.1,fail,,,,EUR
G:/Test/in\Unknown_Unknown_Unknown_7.pdf,,,,,text,79c90589f2eb5781adca0f4039c64b02,0.1,fail,,,,USD
G:/Test/in\Unknown_Unknown_Unknown_8.pdf,,,,,text,7278631ff39de1d47a383e8c455033e7,0.1,fail,,,,
G:/Test/in\0005 8294 37_Unknown_Unknown.pdf,G:/Test/out\unbekannt\0000-00-00_unknown_Re-0000-00-00.pdf,,,,text,792d8aa7aff75afc9cfb4959c46c9486,0.1,fail,,,,EUR
G:/Test/in\02.07.2018_Unknown_Unknown.pdf,G:/Test/out\unbekannt\2018-07-02_unknown_Re-2018-07-02.pdf,,,2018-07-02,text,de8d1ebf64d9b7073c46e12f3a06a325,0.1,fail,,,,EUR
G:/Test/in\06.08.2018_Unknown_Unknown.pdf,G:/Test/out\unbekannt\2018-08-06_unknown_Re-2018-08-06.pdf,,,2018-08-06,text,a4624db589b3aacb7bfc083648a6283c,0.1,fail,,,,EUR
G:/Test/in\07.11.2018_Unknown_Unknown.pdf,G:/Test/out\unbekannt\2018-11-07_unknown_Re-2018-11-07.pdf,,,2018-11-07,text,9c42337282c88f24b0e2cea56eeef33c,0.2,fail,15.0,15.0,277113149.0,EUR
G:/Test/in\07.11.2018_Unknown_Unknown_1.pdf,G:/Test/out\unbekannt\2018-11-07_unknown_Re-2018-11-07.pdf,,,2018-11-07,text,8cb01f29a5a2bb32d61f9cb351521917,0.2,fail,38.0,19.0,19.0,EUR
G:/Test/in\10.07.2018_Unknown_Unknown.pdf,G:/Test/out\unbekannt\2018-07-10_unknown_Re-2018-07-10.pdf,,,2018-07-10,text,8af100bea574878f1d1499a433e08568,0.1,fail,,,,EUR
G:/Test/in\18.12.2017_Unknown_Unknown.pdf,G:/Test/out\unbekannt\2017-12-18_unknown_Re-2017-12-18.pdf,,,2017-12-18,text,cfc631fbd59b383d65c4c1200242d925,0.1,fail,,,,EUR
G:/Test/in\24.10.2018_Unknown_Unknown.pdf,G:/Test/out\unbekannt\2018-10-24_unknown_Re-2018-10-24.pdf,,,2018-10-24,text,5d2facfd842f4df875fc24c47e79cfa1,0.1,fail,,,,EUR
G:/Test/in\30.11.2017_Unknown_Unknown.pdf,G:/Test/out\unbekannt\2017-11-30_unknown_Re-2017-11-30.pdf,,,2017-11-30,text,e2777c3ec0ae65afeaa0dddb4874b2b9,0.2,fail,16120.61,,,EUR
G:/Test/in\Unknown_Unknown_Unknown.pdf,G:/Test/out\unbekannt\0000-00-00_unknown_Re-0000-00-00.pdf,,,,text,5bdd781857c472f0431e114d7d21c01c,0.1,fail,,,,EUR
G:/Test/in\Unknown_Unknown_Unknown_1.pdf,G:/Test/out\unbekannt\0000-00-00_unknown_Re-0000-00-00.pdf,,,,text,2ad6e2e927c41a24c449aad9452f00ed,0.2,fail,19.0,19.0,205879802.0,EUR
G:/Test/in\Unknown_Unknown_Unknown_2.pdf,G:/Test/out\unbekannt\0000-00-00_unknown_Re-0000-00-00.pdf,,,,text,707f8f0cd3cc6a4fcd1eeaf2a009493d,0.1,fail,,,,
G:/Test/in\Unknown_Unknown_Unknown_3.pdf,G:/Test/out\unbekannt\0000-00-00_unknown_Re-0000-00-00.pdf,,,,text,50c80d9b3f8753ddc1270eb17aebf765,0.1,fail,,,,EUR
G:/Test/in\Unknown_Unknown_Unknown_4.pdf,G:/Test/out\unbekannt\0000-00-00_unknown_Re-0000-00-00.pdf,,,,text,7ff459e7a07c0c16810d5467c7a41c10,0.1,fail,,,,EUR
G:/Test/in\Unknown_Unknown_Unknown_5.pdf,G:/Test/out\unbekannt\0000-00-00_unknown_Re-0000-00-00.pdf,,,,text,59dfd56f640e05bd64104605d5244c10,0.1,fail,,,,EUR
G:/Test/in\Unknown_Unknown_Unknown_6.pdf,G:/Test/out\unbekannt\0000-00-00_unknown_Re-0000-00-00.pdf,,,,text,87de9b4a7a9e7e9bc4bd343b629881a6,0.1,fail,,,,EUR
G:/Test/in\Unknown_Unknown_Unknown_7.pdf,G:/Test/out\unbekannt\0000-00-00_unknown_Re-0000-00-00.pdf,,,,text,79c90589f2eb5781adca0f4039c64b02,0.1,fail,,,,USD
G:/Test/in\Unknown_Unknown_Unknown_8.pdf,G:/Test/out\unbekannt\0000-00-00_unknown_Re-0000-00-00.pdf,,,,text,7278631ff39de1d47a383e8c455033e7,0.1,fail,,,,
G:/Test/in\0005 8294 37_Unknown_Unknown.pdf,G:/Test/out\unbekannt\0000-00-00_unknown_Re-0000-00-00.pdf,,,,text,792d8aa7aff75afc9cfb4959c46c9486,0.1,fail,,,,EUR
G:/Test/in\02.07.2018_Unknown_Unknown.pdf,G:/Test/out\unbekannt\2018-07-02_unknown_Re-2018-07-02.pdf,,,2018-07-02,text,de8d1ebf64d9b7073c46e12f3a06a325,0.1,fail,,,,EUR
G:/Test/in\06.08.2018_Unknown_Unknown.pdf,G:/Test/out\unbekannt\2018-08-06_unknown_Re-2018-08-06.pdf,,,2018-08-06,text,a4624db589b3aacb7bfc083648a6283c,0.1,fail,,,,EUR
G:/Test/in\07.11.2018_Unknown_Unknown.pdf,G:/Test/out\unbekannt\2018-11-07_unknown_Re-2018-11-07.pdf,,,2018-11-07,text,9c42337282c88f24b0e2cea56eeef33c,0.2,fail,15.0,15.0,277113149.0,EUR
G:/Test/in\07.11.2018_Unknown_Unknown_1.pdf,G:/Test/out\unbekannt\2018-11-07_unknown_Re-2018-11-07.pdf,,,2018-11-07,text,8cb01f29a5a2bb32d61f9cb351521917,0.2,fail,38.0,19.0,19.0,EUR
G:/Test/in\10.07.2018_Unknown_Unknown.pdf,G:/Test/out\unbekannt\2018-07-10_unknown_Re-2018-07-10.pdf,,,2018-07-10,text,8af100bea574878f1d1499a433e08568,0.1,fail,,,,EUR
G:/Test/in\18.12.2017_Unknown_Unknown.pdf,G:/Test/out\unbekannt\2017-12-18_unknown_Re-2017-12-18.pdf,,,2017-12-18,text,cfc631fbd59b383d65c4c1200242d925,0.1,fail,,,,EUR
G:/Test/in\24.10.2018_Unknown_Unknown.pdf,G:/Test/out\unbekannt\2018-10-24_unknown_Re-2018-10-24.pdf,,,2018-10-24,text,5d2facfd842f4df875fc24c47e79cfa1,0.1,fail,,,,EUR
G:/Test/in\30.11.2017_Unknown_Unknown.pdf,G:/Test/out\unbekannt\2017-11-30_unknown_Re-2017-11-30.pdf,,,2017-11-30,text,e2777c3ec0ae65afeaa0dddb4874b2b9,0.2,fail,16120.61,,,EUR
G:/Test/in\Unknown_Unknown_Unknown.pdf,G:/Test/out\unbekannt\0000-00-00_unknown_Re-0000-00-00.pdf,,,,text,5bdd781857c472f0431e114d7d21c01c,0.1,fail,,,,EUR
G:/Test/in\Unknown_Unknown_Unknown_1.pdf,G:/Test/out\unbekannt\0000-00-00_unknown_Re-0000-00-00.pdf,,,,text,2ad6e2e927c41a24c449aad9452f00ed,0.2,fail,19.0,19.0,205879802.0,EUR
G:/Test/in\Unknown_Unknown_Unknown_2.pdf,G:/Test/out\unbekannt\0000-00-00_unknown_Re-0000-00-00.pdf,,,,text,707f8f0cd3cc6a4fcd1eeaf2a009493d,0.1,fail,,,,
G:/Test/in\Unknown_Unknown_Unknown_3.pdf,G:/Test/out\unbekannt\0000-00-00_unknown_Re-0000-00-00.pdf,,,,text,50c80d9b3f8753ddc1270eb17aebf765,0.1,fail,,,,EUR
G:/Test/in\Unknown_Unknown_Unknown_4.pdf,G:/Test/out\unbekannt\0000-00-00_unknown_Re-0000-00-00.pdf,,,,text,7ff459e7a07c0c16810d5467c7a41c10,0.1,fail,,,,EUR
G:/Test/in\Unknown_Unknown_Unknown_5.pdf,G:/Test/out\unbekannt\0000-00-00_unknown_Re-0000-00-00.pdf,,,,text,59dfd56f640e05bd64104605d5244c10,0.1,fail,,,,EUR
G:/Test/in\Unknown_Unknown_Unknown_6.pdf,G:/Test/out\unbekannt\0000-00-00_unknown_Re-0000-00-00.pdf,,,,text,87de9b4a7a9e7e9bc4bd343b629881a6,0.1,fail,,,,EUR
G:/Test/in\Unknown_Unknown_Unknown_7.pdf,G:/Test/out\unbekannt\0000-00-00_unknown_Re-0000-00-00.pdf,,,,text,79c90589f2eb5781adca0f4039c64b02,0.1,fail,,,,USD
G:/Test/in\Unknown_Unknown_Unknown_8.pdf,G:/Test/out\unbekannt\0000-00-00_unknown_Re-0000-00-00.pdf,,,,text,7278631ff39de1d47a383e8c455033e7,0.1,fail,,,,
G:/Test/in\0005 8294 37_Unknown_Unknown.pdf,G:/Test/out\unbekannt\0000-00-00_unknown_Re-0000-00-00.pdf,,,,text,792d8aa7aff75afc9cfb4959c46c9486,0.1,fail,,,,EUR
G:/Test/in\02.07.2018_Unknown_Unknown.pdf,G:/Test/out\unbekannt\2018-07-02_unknown_Re-2018-07-02.pdf,,,2018-07-02,text,de8d1ebf64d9b7073c46e12f3a06a325,0.1,fail,,,,EUR
G:/Test/in\06.08.2018_Unknown_Unknown.pdf,G:/Test/out\unbekannt\2018-08-06_unknown_Re-2018-08-06.pdf,,,2018-08-06,text,a4624db589b3aacb7bfc083648a6283c,0.1,fail,,,,EUR
G:/Test/in\07.11.2018_Unknown_Unknown.pdf,G:/Test/out\unbekannt\2018-11-07_unknown_Re-2018-11-07.pdf,,,2018-11-07,text,9c42337282c88f24b0e2cea56eeef33c,0.2,fail,15.0,15.0,277113149.0,EUR
G:/Test/in\07.11.2018_Unknown_Unknown_1.pdf,G:/Test/out\unbekannt\2018-11-07_unknown_Re-2018-11-07.pdf,,,2018-11-07,text,8cb01f29a5a2bb32d61f9cb351521917,0.2,fail,38.0,19.0,19.0,EUR
G:/Test/in\10.07.2018_Unknown_Unknown.pdf,G:/Test/out\unbekannt\2018-07-10_unknown_Re-2018-07-10.pdf,,,2018-07-10,text,8af100bea574878f1d1499a433e08568,0.1,fail,,,,EUR
G:/Test/in\18.12.2017_Unknown_Unknown.pdf,G:/Test/out\unbekannt\2017-12-18_unknown_Re-2017-12-18.pdf,,,2017-12-18,text,cfc631fbd59b383d65c4c1200242d925,0.1,fail,,,,EUR
G:/Test/in\24.10.2018_Unknown_Unknown.pdf,G:/Test/out\unbekannt\2018-10-24_unknown_Re-2018-10-24.pdf,,,2018-10-24,text,5d2facfd842f4df875fc24c47e79cfa1,0.1,fail,,,,EUR
G:/Test/in\30.11.2017_Unknown_Unknown.pdf,G:/Test/out\unbekannt\2017-11-30_unknown_Re-2017-11-30.pdf,,,2017-11-30,text,e2777c3ec0ae65afeaa0dddb4874b2b9,0.2,fail,16120.61,,,EUR
G:/Test/in\Unknown_Unknown_Unknown.pdf,G:/Test/out\unbekannt\0000-00-00_unknown_Re-0000-00-00.pdf,,,,text,5bdd781857c472f0431e114d7d21c01c,0.1,fail,,,,EUR
G:/Test/in\Unknown_Unknown_Unknown_1.pdf,G:/Test/out\unbekannt\0000-00-00_unknown_Re-0000-00-00.pdf,,,,text,2ad6e2e927c41a24c449aad9452f00ed,0.2,fail,19.0,19.0,205879802.0,EUR
G:/Test/in\Unknown_Unknown_Unknown_2.pdf,G:/Test/out\unbekannt\0000-00-00_unknown_Re-0000-00-00.pdf,,,,text,707f8f0cd3cc6a4fcd1eeaf2a009493d,0.1,fail,,,,
G:/Test/in\Unknown_Unknown_Unknown_3.pdf,G:/Test/out\unbekannt\0000-00-00_unknown_Re-0000-00-00.pdf,,,,text,50c80d9b3f8753ddc1270eb17aebf765,0.1,fail,,,,EUR
G:/Test/in\Unknown_Unknown_Unknown_4.pdf,G:/Test/out\unbekannt\0000-00-00_unknown_Re-0000-00-00.pdf,,,,text,7ff459e7a07c0c16810d5467c7a41c10,0.1,fail,,,,EUR
G:/Test/in\Unknown_Unknown_Unknown_5.pdf,G:/Test/out\unbekannt\0000-00-00_unknown_Re-0000-00-00.pdf,,,,text,59dfd56f640e05bd64104605d5244c10,0.1,fail,,,,EUR
G:/Test/in\Unknown_Unknown_Unknown_6.pdf,G:/Test/out\unbekannt\0000-00-00_unknown_Re-0000-00-00.pdf,,,,text,87de9b4a7a9e7e9bc4bd343b629881a6,0.1,fail,,,,EUR
G:/Test/in\Unknown_Unknown_Unknown_7.pdf,G:/Test/out\unbekannt\0000-00-00_unknown_Re-0000-00-00.pdf,,,,text,79c90589f2eb5781adca0f4039c64b02,0.1,fail,,,,USD
G:/Test/in\Unknown_Unknown_Unknown_8.pdf,G:/Test/out\unbekannt\0000-00-00_unknown_Re-0000-00-00.pdf,,,,text,7278631ff39de1d47a383e8c455033e7,0.1,fail,,,,
